,FIELD,LAT,LON,JAN,FEB,MAR,APR,MAY,JUN,JUL,AUG,SEP,OCT,NOV,DEC,ANN
0,All Sky Surface Albedo (dimensionless),29.5,-95.0,0.1,0.09,0.09,0.1,0.1,0.11,0.1,0.1,0.1,0.1,0.09,0.11,0.1
1,All Sky Surface Longwave Downward Irradiance (W/m^2),29.5,-95.0,326.86,343.73,354.7,372.47,395.8,418.78,425.73,429.3,415.32,383.51,354.94,346.16,380.77
2,All Sky Surface Shortwave Downward Irradiance (kW-hr/m^2/day),29.5,-95.0,3.06,3.3,4.59,5.38,6.12,6.4,6.3,5.79,5.06,4.5,3.39,2.66,4.72
3,All Sky Surface PAR Total (W/m^2),29.5,-95.0,56.42,62.25,87.1,102.99,118.98,126.41,124.97,114.7,99.13,85.98,63.64,49.65,91.16
4,All Sky Surface Albedo (dimensionless),29.57,-95.0,0.1,0.09,0.09,0.1,0.1,0.11,0.1,0.1,0.1,0.1,0.09,0.11,0.1
5,All Sky Surface Longwave Downward Irradiance (W/m^2),29.57,-95.0,326.86,343.73,354.7,372.47,395.8,418.78,425.73,429.3,415.32,383.51,354.94,346.16,380.77
6,All Sky Surface Shortwave Downward Irradiance (kW-hr/m^2/day),29.57,-95.0,3.06,3.3,4.59,5.38,6.12,6.4,6.3,5.79,5.06,4.5,3.39,2.66,4.72
7,All Sky Surface PAR Total (W/m^2),29.57,-95.0,56.42,62.25,87.1,102.99,118.98,126.41,124.97,114.7,99.13,85.98,63.64,49.65,91.16
8,All Sky Surface Albedo (dimensionless),29.64,-95.0,0.1,0.09,0.09,0.1,0.1,0.11,0.1,0.1,0.1,0.1,0.09,0.11,0.1
9,All Sky Surface Longwave Downward Irradiance (W/m^2),29.64,-95.0,326.86,343.73,354.7,372.47,395.8,418.78,425.73,429.3,415.32,383.51,354.94,346.16,380.77
10,All Sky Surface Shortwave Downward Irradiance (kW-hr/m^2/day),29.64,-95.0,3.06,3.3,4.59,5.38,6.12,6.4,6.3,5.79,5.06,4.5,3.39,2.66,4.72
11,All Sky Surface PAR Total (W/m^2),29.64,-95.0,56.42,62.25,87.1,102.99,118.98,126.41,124.97,114.7,99.13,85.98,63.64,49.65,91.16
12,All Sky Surface Albedo (dimensionless),29.71,-95.0,0.1,0.09,0.09,0.1,0.1,0.11,0.1,0.1,0.1,0.1,0.09,0.11,0.1
13,All Sky Surface Longwave Downward Irradiance (W/m^2),29.71,-95.0,326.86,343.73,354.7,372.47,395.8,418.78,425.73,429.3,415.32,383.51,354.94,346.16,380.77
14,All Sky Surface Shortwave Downward Irradiance (kW-hr/m^2/day),29.71,-95.0,3.06,3.3,4.59,5.38,6.12,6.4,6.3,5.79,5.06,4.5,3.39,2.66,4.72
15,All Sky Surface PAR Total (W/m^2),29.71,-95.0,56.42,62.25,87.1,102.99,118.98,126.41,124.97,114.7,99.13,85.98,63.64,49.65,91.16
16,All Sky Surface Albedo (dimensionless),29.78,-95.0,0.1,0.09,0.09,0.1,0.1,0.11,0.1,0.1,0.1,0.1,0.09,0.11,0.1
17,All Sky Surface Longwave Downward Irradiance (W/m^2),29.78,-95.0,326.86,343.73,354.7,372.47,395.8,418.78,425.73,429.3,415.32,383.51,354.94,346.16,380.77
18,All Sky Surface Shortwave Downward Irradiance (kW-hr/m^2/day),29.78,-95.0,3.06,3.3,4.59,5.38,6.12,6.4,6.3,5.79,5.06,4.5,3.39,2.66,4.72
19,All Sky Surface PAR Total (W/m^2),29.78,-95.0,56.42,62.25,87.1,102.99,118.98,126.41,124.97,114.7,99.13,85.98,63.64,49.65,91.16
20,All Sky Surface Albedo (dimensionless),29.85,-95.0,0.1,0.09,0.09,0.1,0.1,0.11,0.1,0.1,0.1,0.1,0.09,0.11,0.1
21,All Sky Surface Longwave Downward Irradiance (W/m^2),29.85,-95.0,326.86,343.73,354.7,372.47,395.8,418.78,425.73,429.3,415.32,383.51,354.94,346.16,380.77
22,All Sky Surface Shortwave Downward Irradiance (kW-hr/m^2/day),29.85,-95.0,3.06,3.3,4.59,5.38,6.12,6.4,6.3,5.79,5.06,4.5,3.39,2.66,4.72
23,All Sky Surface PAR Total (W/m^2),29.85,-95.0,56.42,62.25,87.1,102.99,118.98,126.41,124.97,114.7,99.13,85.98,63.64,49.65,91.16
24,All Sky Surface Albedo (dimensionless),29.92,-95.0,0.1,0.09,0.09,0.1,0.1,0.11,0.1,0.1,0.1,0.1,0.09,0.11,0.1
25,All Sky Surface Longwave Downward Irradiance (W/m^2),29.92,-95.0,326.86,343.73,354.7,372.47,395.8,418.78,425.73,429.3,415.32,383.51,354.94,346.16,380.77
26,All Sky Surface Shortwave Downward Irradiance (kW-hr/m^2/day),29.92,-95.0,3.06,3.3,4.59,5.38,6.12,6.4,6.3,5.79,5.06,4.5,3.39,2.66,4.72
27,All Sky Surface PAR Total (W/m^2),29.92,-95.0,56.42,62.25,87.1,102.99,118.98,126.41,124.97,114.7,99.13,85.98,63.64,49.65,91.16
28,All Sky Surface Albedo (dimensionless),29.99,-95.0,0.1,0.09,0.09,0.1,0.1,0.11,0.1,0.1,0.1,0.1,0.09,0.11,0.1
29,All Sky Surface Longwave Downward Irradiance (W/m^2),29.99,-95.0,326.86,343.73,354.7,372.47,395.8,418.78,425.73,429.3,415.32,383.51,354.94,346.16,380.77
30,All Sky Surface Shortwave Downward Irradiance (kW-hr/m^2/day),29.99,-95.0,3.06,3.3,4.59,5.38,6.12,6.4,6.3,5.79,5.06,4.5,3.39,2.66,4.72
31,All Sky Surface PAR Total (W/m^2),29.99,-95.0,56.42,62.25,87.1,102.99,118.98,126.41,124.97,114.7,99.13,85.98,63.64,49.65,91.16
32,All Sky Surface Albedo (dimensionless),30.06,-95.0,0.11,0.11,0.12,0.13,0.13,0.12,0.12,0.13,0.12,0.12,0.11,0.12,0.12
33,All Sky Surface Longwave Downward Irradiance (W/m^2),30.06,-95.0,308.96,331.39,346.4,363.94,389.93,412.13,418.29,420.28,403.67,365.74,334.17,327.92,368.73
34,All Sky Surface Shortwave Downward Irradiance (kW-hr/m^2/day),30.06,-95.0,2.98,3.15,4.41,5.23,5.81,6.21,6.25,5.76,5.14,4.38,3.32,2.5,4.6
35,All Sky Surface PAR Total (W/m^2),30.06,-95.0,54.47,59.36,83.44,100.02,113.17,122.75,124.01,114.04,100.08,83.26,61.96,46.31,88.71
36,All Sky Surface Albedo (dimensionless),29.5,-95.07,0.14,0.14,0.14,0.15,0.14,0.14,0.14,0.13,0.14,0.15,0.14,0.14,0.14
37,All Sky Surface Longwave Downward Irradiance (W/m^2),29.5,-95.07,317.18,337.87,352.18,370.73,393.64,415.06,419.72,423.12,408.0,373.24,345.85,335.39,374.48
38,All Sky Surface Shortwave Downward Irradiance (kW-hr/m^2/day),29.5,-95.07,3.08,3.3,4.53,5.23,5.91,6.26,6.27,5.76,5.05,4.54,3.33,2.65,4.67
39,All Sky Surface PAR Total (W/m^2),29.5,-95.07,56.76,62.5,86.09,100.21,115.01,123.93,124.43,114.23,98.82,86.74,62.58,49.19,90.18
40,All Sky Surface Albedo (dimensionless),29.57,-95.07,0.14,0.14,0.14,0.15,0.14,0.14,0.14,0.13,0.14,0.15,0.14,0.14,0.14
41,All Sky Surface Longwave Downward Irradiance (W/m^2),29.57,-95.07,317.18,337.87,352.18,370.73,393.64,415.06,419.72,423.12,408.0,373.24,345.85,335.39,374.48
42,All Sky Surface Shortwave Downward Irradiance (kW-hr/m^2/day),29.57,-95.07,3.08,3.3,4.53,5.23,5.91,6.26,6.27,5.76,5.05,4.54,3.33,2.65,4.67
43,All Sky Surface PAR Total (W/m^2),29.57,-95.07,56.76,62.5,86.09,100.21,115.01,123.93,124.43,114.23,98.82,86.74,62.58,49.19,90.18
44,All Sky Surface Albedo (dimensionless),29.64,-95.07,0.14,0.14,0.14,0.15,0.14,0.14,0.14,0.13,0.14,0.15,0.14,0.14,0.14
45,All Sky Surface Longwave Downward Irradiance (W/m^2),29.64,-95.07,317.18,337.87,352.18,370.73,393.64,415.06,419.72,423.12,408.0,373.24,345.85,335.39,374.48
46,All Sky Surface Shortwave Downward Irradiance (kW-hr/m^2/day),29.64,-95.07,3.08,3.3,4.53,5.23,5.91,6.26,6.27,5.76,5.05,4.54,3.33,2.65,4.67
47,All Sky Surface PAR Total (W/m^2),29.64,-95.07,56.76,62.5,86.09,100.21,115.01,123.93,124.43,114.23,98.82,86.74,62.58,49.19,90.18
48,All Sky Surface Albedo (dimensionless),29.71,-95.07,0.14,0.14,0.14,0.15,0.14,0.14,0.14,0.13,0.14,0.15,0.14,0.14,0.14
49,All Sky Surface Longwave Downward Irradiance (W/m^2),29.71,-95.07,317.18,337.87,352.18,370.73,393.64,415.06,419.72,423.12,408.0,373.24,345.85,335.39,374.48
50,All Sky Surface Shortwave Downward Irradiance (kW-hr/m^2/day),29.71,-95.07,3.08,3.3,4.53,5.23,5.91,6.26,6.27,5.76,5.05,4.54,3.33,2.65,4.67
51,All Sky Surface PAR Total (W/m^2),29.71,-95.07,56.76,62.5,86.09,100.21,115.01,123.93,124.43,114.23,98.82,86.74,62.58,49.19,90.18
52,All Sky Surface Albedo (dimensionless),29.78,-95.07,0.14,0.14,0.14,0.15,0.14,0.14,0.14,0.13,0.14,0.15,0.14,0.14,0.14
53,All Sky Surface Longwave Downward Irradiance (W/m^2),29.78,-95.07,317.18,337.87,352.18,370.73,393.64,415.06,419.72,423.12,408.0,373.24,345.85,335.39,374.48
54,All Sky Surface Shortwave Downward Irradiance (kW-hr/m^2/day),29.78,-95.07,3.08,3.3,4.53,5.23,5.91,6.26,6.27,5.76,5.05,4.54,3.33,2.65,4.67
55,All Sky Surface PAR Total (W/m^2),29.78,-95.07,56.76,62.5,86.09,100.21,115.01,123.93,124.43,114.23,98.82,86.74,62.58,49.19,90.18
56,All Sky Surface Albedo (dimensionless),29.85,-95.07,0.14,0.14,0.14,0.15,0.14,0.14,0.14,0.13,0.14,0.15,0.14,0.14,0.14
57,All Sky Surface Longwave Downward Irradiance (W/m^2),29.85,-95.07,317.18,337.87,352.18,370.73,393.64,415.06,419.72,423.12,408.0,373.24,345.85,335.39,374.48
58,All Sky Surface Shortwave Downward Irradiance (kW-hr/m^2/day),29.85,-95.07,3.08,3.3,4.53,5.23,5.91,6.26,6.27,5.76,5.05,4.54,3.33,2.65,4.67
59,All Sky Surface PAR Total (W/m^2),29.85,-95.07,56.76,62.5,86.09,100.21,115.01,123.93,124.43,114.23,98.82,86.74,62.58,49.19,90.18
60,All Sky Surface Albedo (dimensionless),29.92,-95.07,0.14,0.14,0.14,0.15,0.14,0.14,0.14,0.13,0.14,0.15,0.14,0.14,0.14
61,All Sky Surface Longwave Downward Irradiance (W/m^2),29.92,-95.07,317.18,337.87,352.18,370.73,393.64,415.06,419.72,423.12,408.0,373.24,345.85,335.39,374.48
62,All Sky Surface Shortwave Downward Irradiance (kW-hr/m^2/day),29.92,-95.07,3.08,3.3,4.53,5.23,5.91,6.26,6.27,5.76,5.05,4.54,3.33,2.65,4.67
63,All Sky Surface PAR Total (W/m^2),29.92,-95.07,56.76,62.5,86.09,100.21,115.01,123.93,124.43,114.23,98.82,86.74,62.58,49.19,90.18
64,All Sky Surface Albedo (dimensionless),29.99,-95.07,0.14,0.14,0.14,0.15,0.14,0.14,0.14,0.13,0.14,0.15,0.14,0.14,0.14
65,All Sky Surface Longwave Downward Irradiance (W/m^2),29.99,-95.07,317.18,337.87,352.18,370.73,393.64,415.06,419.72,423.12,408.0,373.24,345.85,335.39,374.48
66,All Sky Surface Shortwave Downward Irradiance (kW-hr/m^2/day),29.99,-95.07,3.08,3.3,4.53,5.23,5.91,6.26,6.27,5.76,5.05,4.54,3.33,2.65,4.67
67,All Sky Surface PAR Total (W/m^2),29.99,-95.07,56.76,62.5,86.09,100.21,115.01,123.93,124.43,114.23,98.82,86.74,62.58,49.19,90.18
68,All Sky Surface Albedo (dimensionless),30.06,-95.07,0.13,0.13,0.13,0.14,0.13,0.13,0.13,0.14,0.13,0.12,0.12,0.13,0.13
69,All Sky Surface Longwave Downward Irradiance (W/m^2),30.06,-95.07,306.66,327.45,343.8,362.74,389.74,411.21,417.45,420.11,402.72,365.09,334.49,324.53,367.34
70,All Sky Surface Shortwave Downward Irradiance (kW-hr/m^2/day),30.06,-95.07,3.04,3.25,4.5,5.31,5.78,6.37,6.44,5.98,5.18,4.41,3.26,2.55,4.68
71,All Sky Surface PAR Total (W/m^2),30.06,-95.07,55.75,61.18,85.35,101.71,112.77,125.72,127.52,118.19,100.85,83.95,60.96,47.18,90.23
72,All Sky Surface Albedo (dimensionless),29.5,-95.14,0.14,0.14,0.14,0.15,0.14,0.14,0.14,0.13,0.14,0.15,0.14,0.14,0.14
73,All Sky Surface Longwave Downward Irradiance (W/m^2),29.5,-95.14,317.18,337.87,352.18,370.73,393.64,415.06,419.72,423.12,408.0,373.24,345.85,335.39,374.48
74,All Sky Surface Shortwave Downward Irradiance (kW-hr/m^2/day),29.5,-95.14,3.08,3.3,4.53,5.23,5.91,6.26,6.27,5.76,5.05,4.54,3.33,2.65,4.67
75,All Sky Surface PAR Total (W/m^2),29.5,-95.14,56.76,62.5,86.09,100.21,115.01,123.93,124.43,114.23,98.82,86.74,62.58,49.19,90.18
76,All Sky Surface Albedo (dimensionless),29.57,-95.14,0.14,0.14,0.14,0.15,0.14,0.14,0.14,0.13,0.14,0.15,0.14,0.14,0.14
77,All Sky Surface Longwave Downward Irradiance (W/m^2),29.57,-95.14,317.18,337.87,352.18,370.73,393.64,415.06,419.72,423.12,408.0,373.24,345.85,335.39,374.48
78,All Sky Surface Shortwave Downward Irradiance (kW-hr/m^2/day),29.57,-95.14,3.08,3.3,4.53,5.23,5.91,6.26,6.27,5.76,5.05,4.54,3.33,2.65,4.67
79,All Sky Surface PAR Total (W/m^2),29.57,-95.14,56.76,62.5,86.09,100.21,115.01,123.93,124.43,114.23,98.82,86.74,62.58,49.19,90.18
80,All Sky Surface Albedo (dimensionless),29.64,-95.14,0.14,0.14,0.14,0.15,0.14,0.14,0.14,0.13,0.14,0.15,0.14,0.14,0.14
81,All Sky Surface Longwave Downward Irradiance (W/m^2),29.64,-95.14,317.18,337.87,352.18,370.73,393.64,415.06,419.72,423.12,408.0,373.24,345.85,335.39,374.48
82,All Sky Surface Shortwave Downward Irradiance (kW-hr/m^2/day),29.64,-95.14,3.08,3.3,4.53,5.23,5.91,6.26,6.27,5.76,5.05,4.54,3.33,2.65,4.67
83,All Sky Surface PAR Total (W/m^2),29.64,-95.14,56.76,62.5,86.09,100.21,115.01,123.93,124.43,114.23,98.82,86.74,62.58,49.19,90.18
84,All Sky Surface Albedo (dimensionless),29.71,-95.14,0.14,0.14,0.14,0.15,0.14,0.14,0.14,0.13,0.14,0.15,0.14,0.14,0.14
85,All Sky Surface Longwave Downward Irradiance (W/m^2),29.71,-95.14,317.18,337.87,352.18,370.73,393.64,415.06,419.72,423.12,408.0,373.24,345.85,335.39,374.48
86,All Sky Surface Shortwave Downward Irradiance (kW-hr/m^2/day),29.71,-95.14,3.08,3.3,4.53,5.23,5.91,6.26,6.27,5.76,5.05,4.54,3.33,2.65,4.67
87,All Sky Surface PAR Total (W/m^2),29.71,-95.14,56.76,62.5,86.09,100.21,115.01,123.93,124.43,114.23,98.82,86.74,62.58,49.19,90.18
88,All Sky Surface Albedo (dimensionless),29.78,-95.14,0.14,0.14,0.14,0.15,0.14,0.14,0.14,0.13,0.14,0.15,0.14,0.14,0.14
89,All Sky Surface Longwave Downward Irradiance (W/m^2),29.78,-95.14,317.18,337.87,352.18,370.73,393.64,415.06,419.72,423.12,408.0,373.24,345.85,335.39,374.48
90,All Sky Surface Shortwave Downward Irradiance (kW-hr/m^2/day),29.78,-95.14,3.08,3.3,4.53,5.23,5.91,6.26,6.27,5.76,5.05,4.54,3.33,2.65,4.67
91,All Sky Surface PAR Total (W/m^2),29.78,-95.14,56.76,62.5,86.09,100.21,115.01,123.93,124.43,114.23,98.82,86.74,62.58,49.19,90.18
92,All Sky Surface Albedo (dimensionless),29.85,-95.14,0.14,0.14,0.14,0.15,0.14,0.14,0.14,0.13,0.14,0.15,0.14,0.14,0.14
93,All Sky Surface Longwave Downward Irradiance (W/m^2),29.85,-95.14,317.18,337.87,352.18,370.73,393.64,415.06,419.72,423.12,408.0,373.24,345.85,335.39,374.48
94,All Sky Surface Shortwave Downward Irradiance (kW-hr/m^2/day),29.85,-95.14,3.08,3.3,4.53,5.23,5.91,6.26,6.27,5.76,5.05,4.54,3.33,2.65,4.67
95,All Sky Surface PAR Total (W/m^2),29.85,-95.14,56.76,62.5,86.09,100.21,115.01,123.93,124.43,114.23,98.82,86.74,62.58,49.19,90.18
96,All Sky Surface Albedo (dimensionless),29.92,-95.14,0.14,0.14,0.14,0.15,0.14,0.14,0.14,0.13,0.14,0.15,0.14,0.14,0.14
97,All Sky Surface Longwave Downward Irradiance (W/m^2),29.92,-95.14,317.18,337.87,352.18,370.73,393.64,415.06,419.72,423.12,408.0,373.24,345.85,335.39,374.48
98,All Sky Surface Shortwave Downward Irradiance (kW-hr/m^2/day),29.92,-95.14,3.08,3.3,4.53,5.23,5.91,6.26,6.27,5.76,5.05,4.54,3.33,2.65,4.67
99,All Sky Surface PAR Total (W/m^2),29.92,-95.14,56.76,62.5,86.09,100.21,115.01,123.93,124.43,114.23,98.82,86.74,62.58,49.19,90.18
100,All Sky Surface Albedo (dimensionless),29.99,-95.14,0.14,0.14,0.14,0.15,0.14,0.14,0.14,0.13,0.14,0.15,0.14,0.14,0.14
101,All Sky Surface Longwave Downward Irradiance (W/m^2),29.99,-95.14,317.18,337.87,352.18,370.73,393.64,415.06,419.72,423.12,408.0,373.24,345.85,335.39,374.48
102,All Sky Surface Shortwave Downward Irradiance (kW-hr/m^2/day),29.99,-95.14,3.08,3.3,4.53,5.23,5.91,6.26,6.27,5.76,5.05,4.54,3.33,2.65,4.67
103,All Sky Surface PAR Total (W/m^2),29.99,-95.14,56.76,62.5,86.09,100.21,115.01,123.93,124.43,114.23,98.82,86.74,62.58,49.19,90.18
104,All Sky Surface Albedo (dimensionless),30.06,-95.14,0.13,0.13,0.13,0.14,0.13,0.13,0.13,0.14,0.13,0.12,0.12,0.13,0.13
105,All Sky Surface Longwave Downward Irradiance (W/m^2),30.06,-95.14,306.66,327.45,343.8,362.74,389.74,411.21,417.45,420.11,402.72,365.09,334.49,324.53,367.34
106,All Sky Surface Shortwave Downward Irradiance (kW-hr/m^2/day),30.06,-95.14,3.04,3.25,4.5,5.31,5.78,6.37,6.44,5.98,5.18,4.41,3.26,2.55,4.68
107,All Sky Surface PAR Total (W/m^2),30.06,-95.14,55.75,61.18,85.35,101.71,112.77,125.72,127.52,118.19,100.85,83.95,60.96,47.18,90.23
108,All Sky Surface Albedo (dimensionless),29.5,-95.21,0.14,0.14,0.14,0.15,0.14,0.14,0.14,0.13,0.14,0.15,0.14,0.14,0.14
109,All Sky Surface Longwave Downward Irradiance (W/m^2),29.5,-95.21,317.18,337.87,352.18,370.73,393.64,415.06,419.72,423.12,408.0,373.24,345.85,335.39,374.48
110,All Sky Surface Shortwave Downward Irradiance (kW-hr/m^2/day),29.5,-95.21,3.08,3.3,4.53,5.23,5.91,6.26,6.27,5.76,5.05,4.54,3.33,2.65,4.67
111,All Sky Surface PAR Total (W/m^2),29.5,-95.21,56.76,62.5,86.09,100.21,115.01,123.93,124.43,114.23,98.82,86.74,62.58,49.19,90.18
112,All Sky Surface Albedo (dimensionless),29.57,-95.21,0.14,0.14,0.14,0.15,0.14,0.14,0.14,0.13,0.14,0.15,0.14,0.14,0.14
113,All Sky Surface Longwave Downward Irradiance (W/m^2),29.57,-95.21,317.18,337.87,352.18,370.73,393.64,415.06,419.72,423.12,408.0,373.24,345.85,335.39,374.48
114,All Sky Surface Shortwave Downward Irradiance (kW-hr/m^2/day),29.57,-95.21,3.08,3.3,4.53,5.23,5.91,6.26,6.27,5.76,5.05,4.54,3.33,2.65,4.67
115,All Sky Surface PAR Total (W/m^2),29.57,-95.21,56.76,62.5,86.09,100.21,115.01,123.93,124.43,114.23,98.82,86.74,62.58,49.19,90.18
116,All Sky Surface Albedo (dimensionless),29.64,-95.21,0.14,0.14,0.14,0.15,0.14,0.14,0.14,0.13,0.14,0.15,0.14,0.14,0.14
117,All Sky Surface Longwave Downward Irradiance (W/m^2),29.64,-95.21,317.18,337.87,352.18,370.73,393.64,415.06,419.72,423.12,408.0,373.24,345.85,335.39,374.48
118,All Sky Surface Shortwave Downward Irradiance (kW-hr/m^2/day),29.64,-95.21,3.08,3.3,4.53,5.23,5.91,6.26,6.27,5.76,5.05,4.54,3.33,2.65,4.67
119,All Sky Surface PAR Total (W/m^2),29.64,-95.21,56.76,62.5,86.09,100.21,115.01,123.93,124.43,114.23,98.82,86.74,62.58,49.19,90.18
120,All Sky Surface Albedo (dimensionless),29.71,-95.21,0.14,0.14,0.14,0.15,0.14,0.14,0.14,0.13,0.14,0.15,0.14,0.14,0.14
121,All Sky Surface Longwave Downward Irradiance (W/m^2),29.71,-95.21,317.18,337.87,352.18,370.73,393.64,415.06,419.72,423.12,408.0,373.24,345.85,335.39,374.48
122,All Sky Surface Shortwave Downward Irradiance (kW-hr/m^2/day),29.71,-95.21,3.08,3.3,4.53,5.23,5.91,6.26,6.27,5.76,5.05,4.54,3.33,2.65,4.67
123,All Sky Surface PAR Total (W/m^2),29.71,-95.21,56.76,62.5,86.09,100.21,115.01,123.93,124.43,114.23,98.82,86.74,62.58,49.19,90.18
124,All Sky Surface Albedo (dimensionless),29.78,-95.21,0.14,0.14,0.14,0.15,0.14,0.14,0.14,0.13,0.14,0.15,0.14,0.14,0.14
125,All Sky Surface Longwave Downward Irradiance (W/m^2),29.78,-95.21,317.18,337.87,352.18,370.73,393.64,415.06,419.72,423.12,408.0,373.24,345.85,335.39,374.48
126,All Sky Surface Shortwave Downward Irradiance (kW-hr/m^2/day),29.78,-95.21,3.08,3.3,4.53,5.23,5.91,6.26,6.27,5.76,5.05,4.54,3.33,2.65,4.67
127,All Sky Surface PAR Total (W/m^2),29.78,-95.21,56.76,62.5,86.09,100.21,115.01,123.93,124.43,114.23,98.82,86.74,62.58,49.19,90.18
128,All Sky Surface Albedo (dimensionless),29.85,-95.21,0.14,0.14,0.14,0.15,0.14,0.14,0.14,0.13,0.14,0.15,0.14,0.14,0.14
129,All Sky Surface Longwave Downward Irradiance (W/m^2),29.85,-95.21,317.18,337.87,352.18,370.73,393.64,415.06,419.72,423.12,408.0,373.24,345.85,335.39,374.48
130,All Sky Surface Shortwave Downward Irradiance (kW-hr/m^2/day),29.85,-95.21,3.08,3.3,4.53,5.23,5.91,6.26,6.27,5.76,5.05,4.54,3.33,2.65,4.67
131,All Sky Surface PAR Total (W/m^2),29.85,-95.21,56.76,62.5,86.09,100.21,115.01,123.93,124.43,114.23,98.82,86.74,62.58,49.19,90.18
132,All Sky Surface Albedo (dimensionless),29.92,-95.21,0.14,0.14,0.14,0.15,0.14,0.14,0.14,0.13,0.14,0.15,0.14,0.14,0.14
133,All Sky Surface Longwave Downward Irradiance (W/m^2),29.92,-95.21,317.18,337.87,352.18,370.73,393.64,415.06,419.72,423.12,408.0,373.24,345.85,335.39,374.48
134,All Sky Surface Shortwave Downward Irradiance (kW-hr/m^2/day),29.92,-95.21,3.08,3.3,4.53,5.23,5.91,6.26,6.27,5.76,5.05,4.54,3.33,2.65,4.67
135,All Sky Surface PAR Total (W/m^2),29.92,-95.21,56.76,62.5,86.09,100.21,115.01,123.93,124.43,114.23,98.82,86.74,62.58,49.19,90.18
136,All Sky Surface Albedo (dimensionless),29.99,-95.21,0.14,0.14,0.14,0.15,0.14,0.14,0.14,0.13,0.14,0.15,0.14,0.14,0.14
137,All Sky Surface Longwave Downward Irradiance (W/m^2),29.99,-95.21,317.18,337.87,352.18,370.73,393.64,415.06,419.72,423.12,408.0,373.24,345.85,335.39,374.48
138,All Sky Surface Shortwave Downward Irradiance (kW-hr/m^2/day),29.99,-95.21,3.08,3.3,4.53,5.23,5.91,6.26,6.27,5.76,5.05,4.54,3.33,2.65,4.67
139,All Sky Surface PAR Total (W/m^2),29.99,-95.21,56.76,62.5,86.09,100.21,115.01,123.93,124.43,114.23,98.82,86.74,62.58,49.19,90.18
140,All Sky Surface Albedo (dimensionless),30.06,-95.21,0.13,0.13,0.13,0.14,0.13,0.13,0.13,0.14,0.13,0.12,0.12,0.13,0.13
141,All Sky Surface Longwave Downward Irradiance (W/m^2),30.06,-95.21,306.66,327.45,343.8,362.74,389.74,411.21,417.45,420.11,402.72,365.09,334.49,324.53,367.34
142,All Sky Surface Shortwave Downward Irradiance (kW-hr/m^2/day),30.06,-95.21,3.04,3.25,4.5,5.31,5.78,6.37,6.44,5.98,5.18,4.41,3.26,2.55,4.68
143,All Sky Surface PAR Total (W/m^2),30.06,-95.21,55.75,61.18,85.35,101.71,112.77,125.72,127.52,118.19,100.85,83.95,60.96,47.18,90.23
144,All Sky Surface Albedo (dimensionless),29.5,-95.28,0.14,0.14,0.14,0.15,0.14,0.14,0.14,0.13,0.14,0.15,0.14,0.14,0.14
145,All Sky Surface Longwave Downward Irradiance (W/m^2),29.5,-95.28,317.18,337.87,352.18,370.73,393.64,415.06,419.72,423.12,408.0,373.24,345.85,335.39,374.48
146,All Sky Surface Shortwave Downward Irradiance (kW-hr/m^2/day),29.5,-95.28,3.08,3.3,4.53,5.23,5.91,6.26,6.27,5.76,5.05,4.54,3.33,2.65,4.67
147,All Sky Surface PAR Total (W/m^2),29.5,-95.28,56.76,62.5,86.09,100.21,115.01,123.93,124.43,114.23,98.82,86.74,62.58,49.19,90.18
148,All Sky Surface Albedo (dimensionless),29.57,-95.28,0.14,0.14,0.14,0.15,0.14,0.14,0.14,0.13,0.14,0.15,0.14,0.14,0.14
149,All Sky Surface Longwave Downward Irradiance (W/m^2),29.57,-95.28,317.18,337.87,352.18,370.73,393.64,415.06,419.72,423.12,408.0,373.24,345.85,335.39,374.48
150,All Sky Surface Shortwave Downward Irradiance (kW-hr/m^2/day),29.57,-95.28,3.08,3.3,4.53,5.23,5.91,6.26,6.27,5.76,5.05,4.54,3.33,2.65,4.67
151,All Sky Surface PAR Total (W/m^2),29.57,-95.28,56.76,62.5,86.09,100.21,115.01,123.93,124.43,114.23,98.82,86.74,62.58,49.19,90.18
152,All Sky Surface Albedo (dimensionless),29.64,-95.28,0.14,0.14,0.14,0.15,0.14,0.14,0.14,0.13,0.14,0.15,0.14,0.14,0.14
153,All Sky Surface Longwave Downward Irradiance (W/m^2),29.64,-95.28,317.18,337.87,352.18,370.73,393.64,415.06,419.72,423.12,408.0,373.24,345.85,335.39,374.48
154,All Sky Surface Shortwave Downward Irradiance (kW-hr/m^2/day),29.64,-95.28,3.08,3.3,4.53,5.23,5.91,6.26,6.27,5.76,5.05,4.54,3.33,2.65,4.67
155,All Sky Surface PAR Total (W/m^2),29.64,-95.28,56.76,62.5,86.09,100.21,115.01,123.93,124.43,114.23,98.82,86.74,62.58,49.19,90.18
156,All Sky Surface Albedo (dimensionless),29.71,-95.28,0.14,0.14,0.14,0.15,0.14,0.14,0.14,0.13,0.14,0.15,0.14,0.14,0.14
157,All Sky Surface Longwave Downward Irradiance (W/m^2),29.71,-95.28,317.18,337.87,352.18,370.73,393.64,415.06,419.72,423.12,408.0,373.24,345.85,335.39,374.48
158,All Sky Surface Shortwave Downward Irradiance (kW-hr/m^2/day),29.71,-95.28,3.08,3.3,4.53,5.23,5.91,6.26,6.27,5.76,5.05,4.54,3.33,2.65,4.67
159,All Sky Surface PAR Total (W/m^2),29.71,-95.28,56.76,62.5,86.09,100.21,115.01,123.93,124.43,114.23,98.82,86.74,62.58,49.19,90.18
160,All Sky Surface Albedo (dimensionless),29.78,-95.28,0.14,0.14,0.14,0.15,0.14,0.14,0.14,0.13,0.14,0.15,0.14,0.14,0.14
161,All Sky Surface Longwave Downward Irradiance (W/m^2),29.78,-95.28,317.18,337.87,352.18,370.73,393.64,415.06,419.72,423.12,408.0,373.24,345.85,335.39,374.48
162,All Sky Surface Shortwave Downward Irradiance (kW-hr/m^2/day),29.78,-95.28,3.08,3.3,4.53,5.23,5.91,6.26,6.27,5.76,5.05,4.54,3.33,2.65,4.67
163,All Sky Surface PAR Total (W/m^2),29.78,-95.28,56.76,62.5,86.09,100.21,115.01,123.93,124.43,114.23,98.82,86.74,62.58,49.19,90.18
164,All Sky Surface Albedo (dimensionless),29.85,-95.28,0.14,0.14,0.14,0.15,0.14,0.14,0.14,0.13,0.14,0.15,0.14,0.14,0.14
165,All Sky Surface Longwave Downward Irradiance (W/m^2),29.85,-95.28,317.18,337.87,352.18,370.73,393.64,415.06,419.72,423.12,408.0,373.24,345.85,335.39,374.48
166,All Sky Surface Shortwave Downward Irradiance (kW-hr/m^2/day),29.85,-95.28,3.08,3.3,4.53,5.23,5.91,6.26,6.27,5.76,5.05,4.54,3.33,2.65,4.67
167,All Sky Surface PAR Total (W/m^2),29.85,-95.28,56.76,62.5,86.09,100.21,115.01,123.93,124.43,114.23,98.82,86.74,62.58,49.19,90.18
168,All Sky Surface Albedo (dimensionless),29.92,-95.28,0.14,0.14,0.14,0.15,0.14,0.14,0.14,0.13,0.14,0.15,0.14,0.14,0.14
169,All Sky Surface Longwave Downward Irradiance (W/m^2),29.92,-95.28,317.18,337.87,352.18,370.73,393.64,415.06,419.72,423.12,408.0,373.24,345.85,335.39,374.48
170,All Sky Surface Shortwave Downward Irradiance (kW-hr/m^2/day),29.92,-95.28,3.08,3.3,4.53,5.23,5.91,6.26,6.27,5.76,5.05,4.54,3.33,2.65,4.67
171,All Sky Surface PAR Total (W/m^2),29.92,-95.28,56.76,62.5,86.09,100.21,115.01,123.93,124.43,114.23,98.82,86.74,62.58,49.19,90.18
172,All Sky Surface Albedo (dimensionless),29.99,-95.28,0.14,0.14,0.14,0.15,0.14,0.14,0.14,0.13,0.14,0.15,0.14,0.14,0.14
173,All Sky Surface Longwave Downward Irradiance (W/m^2),29.99,-95.28,317.18,337.87,352.18,370.73,393.64,415.06,419.72,423.12,408.0,373.24,345.85,335.39,374.48
174,All Sky Surface Shortwave Downward Irradiance (kW-hr/m^2/day),29.99,-95.28,3.08,3.3,4.53,5.23,5.91,6.26,6.27,5.76,5.05,4.54,3.33,2.65,4.67
175,All Sky Surface PAR Total (W/m^2),29.99,-95.28,56.76,62.5,86.09,100.21,115.01,123.93,124.43,114.23,98.82,86.74,62.58,49.19,90.18
176,All Sky Surface Albedo (dimensionless),30.06,-95.28,0.13,0.13,0.13,0.14,0.13,0.13,0.13,0.14,0.13,0.12,0.12,0.13,0.13
177,All Sky Surface Longwave Downward Irradiance (W/m^2),30.06,-95.28,306.66,327.45,343.8,362.74,389.74,411.21,417.45,420.11,402.72,365.09,334.49,324.53,367.34
178,All Sky Surface Shortwave Downward Irradiance (kW-hr/m^2/day),30.06,-95.28,3.04,3.25,4.5,5.31,5.78,6.37,6.44,5.98,5.18,4.41,3.26,2.55,4.68
179,All Sky Surface PAR Total (W/m^2),30.06,-95.28,55.75,61.18,85.35,101.71,112.77,125.72,127.52,118.19,100.85,83.95,60.96,47.18,90.23
180,All Sky Surface Albedo (dimensionless),29.5,-95.35,0.14,0.14,0.14,0.15,0.14,0.14,0.14,0.13,0.14,0.15,0.14,0.14,0.14
181,All Sky Surface Longwave Downward Irradiance (W/m^2),29.5,-95.35,317.18,337.87,352.18,370.73,393.64,415.06,419.72,423.12,408.0,373.24,345.85,335.39,374.48
182,All Sky Surface Shortwave Downward Irradiance (kW-hr/m^2/day),29.5,-95.35,3.08,3.3,4.53,5.23,5.91,6.26,6.27,5.76,5.05,4.54,3.33,2.65,4.67
183,All Sky Surface PAR Total (W/m^2),29.5,-95.35,56.76,62.5,86.09,100.21,115.01,123.93,124.43,114.23,98.82,86.74,62.58,49.19,90.18
184,All Sky Surface Albedo (dimensionless),29.57,-95.35,0.14,0.14,0.14,0.15,0.14,0.14,0.14,0.13,0.14,0.15,0.14,0.14,0.14
185,All Sky Surface Longwave Downward Irradiance (W/m^2),29.57,-95.35,317.18,337.87,352.18,370.73,393.64,415.06,419.72,423.12,408.0,373.24,345.85,335.39,374.48
186,All Sky Surface Shortwave Downward Irradiance (kW-hr/m^2/day),29.57,-95.35,3.08,3.3,4.53,5.23,5.91,6.26,6.27,5.76,5.05,4.54,3.33,2.65,4.67
187,All Sky Surface PAR Total (W/m^2),29.57,-95.35,56.76,62.5,86.09,100.21,115.01,123.93,124.43,114.23,98.82,86.74,62.58,49.19,90.18
188,All Sky Surface Albedo (dimensionless),29.64,-95.35,0.14,0.14,0.14,0.15,0.14,0.14,0.14,0.13,0.14,0.15,0.14,0.14,0.14
189,All Sky Surface Longwave Downward Irradiance (W/m^2),29.64,-95.35,317.18,337.87,352.18,370.73,393.64,415.06,419.72,423.12,408.0,373.24,345.85,335.39,374.48
190,All Sky Surface Shortwave Downward Irradiance (kW-hr/m^2/day),29.64,-95.35,3.08,3.3,4.53,5.23,5.91,6.26,6.27,5.76,5.05,4.54,3.33,2.65,4.67
191,All Sky Surface PAR Total (W/m^2),29.64,-95.35,56.76,62.5,86.09,100.21,115.01,123.93,124.43,114.23,98.82,86.74,62.58,49.19,90.18
192,All Sky Surface Albedo (dimensionless),29.71,-95.35,0.14,0.14,0.14,0.15,0.14,0.14,0.14,0.13,0.14,0.15,0.14,0.14,0.14
193,All Sky Surface Longwave Downward Irradiance (W/m^2),29.71,-95.35,317.18,337.87,352.18,370.73,393.64,415.06,419.72,423.12,408.0,373.24,345.85,335.39,374.48
194,All Sky Surface Shortwave Downward Irradiance (kW-hr/m^2/day),29.71,-95.35,3.08,3.3,4.53,5.23,5.91,6.26,6.27,5.76,5.05,4.54,3.33,2.65,4.67
195,All Sky Surface PAR Total (W/m^2),29.71,-95.35,56.76,62.5,86.09,100.21,115.01,123.93,124.43,114.23,98.82,86.74,62.58,49.19,90.18
196,All Sky Surface Albedo (dimensionless),29.78,-95.35,0.14,0.14,0.14,0.15,0.14,0.14,0.14,0.13,0.14,0.15,0.14,0.14,0.14
197,All Sky Surface Longwave Downward Irradiance (W/m^2),29.78,-95.35,317.18,337.87,352.18,370.73,393.64,415.06,419.72,423.12,408.0,373.24,345.85,335.39,374.48
198,All Sky Surface Shortwave Downward Irradiance (kW-hr/m^2/day),29.78,-95.35,3.08,3.3,4.53,5.23,5.91,6.26,6.27,5.76,5.05,4.54,3.33,2.65,4.67
199,All Sky Surface PAR Total (W/m^2),29.78,-95.35,56.76,62.5,86.09,100.21,115.01,123.93,124.43,114.23,98.82,86.74,62.58,49.19,90.18
200,All Sky Surface Albedo (dimensionless),29.85,-95.35,0.14,0.14,0.14,0.15,0.14,0.14,0.14,0.13,0.14,0.15,0.14,0.14,0.14
201,All Sky Surface Longwave Downward Irradiance (W/m^2),29.85,-95.35,317.18,337.87,352.18,370.73,393.64,415.06,419.72,423.12,408.0,373.24,345.85,335.39,374.48
202,All Sky Surface Shortwave Downward Irradiance (kW-hr/m^2/day),29.85,-95.35,3.08,3.3,4.53,5.23,5.91,6.26,6.27,5.76,5.05,4.54,3.33,2.65,4.67
203,All Sky Surface PAR Total (W/m^2),29.85,-95.35,56.76,62.5,86.09,100.21,115.01,123.93,124.43,114.23,98.82,86.74,62.58,49.19,90.18
204,All Sky Surface Albedo (dimensionless),29.92,-95.35,0.14,0.14,0.14,0.15,0.14,0.14,0.14,0.13,0.14,0.15,0.14,0.14,0.14
205,All Sky Surface Longwave Downward Irradiance (W/m^2),29.92,-95.35,317.18,337.87,352.18,370.73,393.64,415.06,419.72,423.12,408.0,373.24,345.85,335.39,374.48
206,All Sky Surface Shortwave Downward Irradiance (kW-hr/m^2/day),29.92,-95.35,3.08,3.3,4.53,5.23,5.91,6.26,6.27,5.76,5.05,4.54,3.33,2.65,4.67
207,All Sky Surface PAR Total (W/m^2),29.92,-95.35,56.76,62.5,86.09,100.21,115.01,123.93,124.43,114.23,98.82,86.74,62.58,49.19,90.18
208,All Sky Surface Albedo (dimensionless),29.99,-95.35,0.14,0.14,0.14,0.15,0.14,0.14,0.14,0.13,0.14,0.15,0.14,0.14,0.14
209,All Sky Surface Longwave Downward Irradiance (W/m^2),29.99,-95.35,317.18,337.87,352.18,370.73,393.64,415.06,419.72,423.12,408.0,373.24,345.85,335.39,374.48
210,All Sky Surface Shortwave Downward Irradiance (kW-hr/m^2/day),29.99,-95.35,3.08,3.3,4.53,5.23,5.91,6.26,6.27,5.76,5.05,4.54,3.33,2.65,4.67
211,All Sky Surface PAR Total (W/m^2),29.99,-95.35,56.76,62.5,86.09,100.21,115.01,123.93,124.43,114.23,98.82,86.74,62.58,49.19,90.18
212,All Sky Surface Albedo (dimensionless),30.06,-95.35,0.13,0.13,0.13,0.14,0.13,0.13,0.13,0.14,0.13,0.12,0.12,0.13,0.13
213,All Sky Surface Longwave Downward Irradiance (W/m^2),30.06,-95.35,306.66,327.45,343.8,362.74,389.74,411.21,417.45,420.11,402.72,365.09,334.49,324.53,367.34
214,All Sky Surface Shortwave Downward Irradiance (kW-hr/m^2/day),30.06,-95.35,3.04,3.25,4.5,5.31,5.78,6.37,6.44,5.98,5.18,4.41,3.26,2.55,4.68
215,All Sky Surface PAR Total (W/m^2),30.06,-95.35,55.75,61.18,85.35,101.71,112.77,125.72,127.52,118.19,100.85,83.95,60.96,47.18,90.23
216,All Sky Surface Albedo (dimensionless),29.5,-95.42,0.14,0.14,0.14,0.15,0.14,0.14,0.14,0.13,0.14,0.15,0.14,0.14,0.14
217,All Sky Surface Longwave Downward Irradiance (W/m^2),29.5,-95.42,317.18,337.87,352.18,370.73,393.64,415.06,419.72,423.12,408.0,373.24,345.85,335.39,374.48
218,All Sky Surface Shortwave Downward Irradiance (kW-hr/m^2/day),29.5,-95.42,3.08,3.3,4.53,5.23,5.91,6.26,6.27,5.76,5.05,4.54,3.33,2.65,4.67
219,All Sky Surface PAR Total (W/m^2),29.5,-95.42,56.76,62.5,86.09,100.21,115.01,123.93,124.43,114.23,98.82,86.74,62.58,49.19,90.18
220,All Sky Surface Albedo (dimensionless),29.57,-95.42,0.14,0.14,0.14,0.15,0.14,0.14,0.14,0.13,0.14,0.15,0.14,0.14,0.14
221,All Sky Surface Longwave Downward Irradiance (W/m^2),29.57,-95.42,317.18,337.87,352.18,370.73,393.64,415.06,419.72,423.12,408.0,373.24,345.85,335.39,374.48
222,All Sky Surface Shortwave Downward Irradiance (kW-hr/m^2/day),29.57,-95.42,3.08,3.3,4.53,5.23,5.91,6.26,6.27,5.76,5.05,4.54,3.33,2.65,4.67
223,All Sky Surface PAR Total (W/m^2),29.57,-95.42,56.76,62.5,86.09,100.21,115.01,123.93,124.43,114.23,98.82,86.74,62.58,49.19,90.18
224,All Sky Surface Albedo (dimensionless),29.64,-95.42,0.14,0.14,0.14,0.15,0.14,0.14,0.14,0.13,0.14,0.15,0.14,0.14,0.14
225,All Sky Surface Longwave Downward Irradiance (W/m^2),29.64,-95.42,317.18,337.87,352.18,370.73,393.64,415.06,419.72,423.12,408.0,373.24,345.85,335.39,374.48
226,All Sky Surface Shortwave Downward Irradiance (kW-hr/m^2/day),29.64,-95.42,3.08,3.3,4.53,5.23,5.91,6.26,6.27,5.76,5.05,4.54,3.33,2.65,4.67
227,All Sky Surface PAR Total (W/m^2),29.64,-95.42,56.76,62.5,86.09,100.21,115.01,123.93,124.43,114.23,98.82,86.74,62.58,49.19,90.18
228,All Sky Surface Albedo (dimensionless),29.71,-95.42,0.14,0.14,0.14,0.15,0.14,0.14,0.14,0.13,0.14,0.15,0.14,0.14,0.14
229,All Sky Surface Longwave Downward Irradiance (W/m^2),29.71,-95.42,317.18,337.87,352.18,370.73,393.64,415.06,419.72,423.12,408.0,373.24,345.85,335.39,374.48
230,All Sky Surface Shortwave Downward Irradiance (kW-hr/m^2/day),29.71,-95.42,3.08,3.3,4.53,5.23,5.91,6.26,6.27,5.76,5.05,4.54,3.33,2.65,4.67
231,All Sky Surface PAR Total (W/m^2),29.71,-95.42,56.76,62.5,86.09,100.21,115.01,123.93,124.43,114.23,98.82,86.74,62.58,49.19,90.18
232,All Sky Surface Albedo (dimensionless),29.78,-95.42,0.14,0.14,0.14,0.15,0.14,0.14,0.14,0.13,0.14,0.15,0.14,0.14,0.14
233,All Sky Surface Longwave Downward Irradiance (W/m^2),29.78,-95.42,317.18,337.87,352.18,370.73,393.64,415.06,419.72,423.12,408.0,373.24,345.85,335.39,374.48
234,All Sky Surface Shortwave Downward Irradiance (kW-hr/m^2/day),29.78,-95.42,3.08,3.3,4.53,5.23,5.91,6.26,6.27,5.76,5.05,4.54,3.33,2.65,4.67
235,All Sky Surface PAR Total (W/m^2),29.78,-95.42,56.76,62.5,86.09,100.21,115.01,123.93,124.43,114.23,98.82,86.74,62.58,49.19,90.18
236,All Sky Surface Albedo (dimensionless),29.85,-95.42,0.14,0.14,0.14,0.15,0.14,0.14,0.14,0.13,0.14,0.15,0.14,0.14,0.14
237,All Sky Surface Longwave Downward Irradiance (W/m^2),29.85,-95.42,317.18,337.87,352.18,370.73,393.64,415.06,419.72,423.12,408.0,373.24,345.85,335.39,374.48
238,All Sky Surface Shortwave Downward Irradiance (kW-hr/m^2/day),29.85,-95.42,3.08,3.3,4.53,5.23,5.91,6.26,6.27,5.76,5.05,4.54,3.33,2.65,4.67
239,All Sky Surface PAR Total (W/m^2),29.85,-95.42,56.76,62.5,86.09,100.21,115.01,123.93,124.43,114.23,98.82,86.74,62.58,49.19,90.18
240,All Sky Surface Albedo (dimensionless),29.92,-95.42,0.14,0.14,0.14,0.15,0.14,0.14,0.14,0.13,0.14,0.15,0.14,0.14,0.14
241,All Sky Surface Longwave Downward Irradiance (W/m^2),29.92,-95.42,317.18,337.87,352.18,370.73,393.64,415.06,419.72,423.12,408.0,373.24,345.85,335.39,374.48
242,All Sky Surface Shortwave Downward Irradiance (kW-hr/m^2/day),29.92,-95.42,3.08,3.3,4.53,5.23,5.91,6.26,6.27,5.76,5.05,4.54,3.33,2.65,4.67
243,All Sky Surface PAR Total (W/m^2),29.92,-95.42,56.76,62.5,86.09,100.21,115.01,123.93,124.43,114.23,98.82,86.74,62.58,49.19,90.18
244,All Sky Surface Albedo (dimensionless),29.99,-95.42,0.14,0.14,0.14,0.15,0.14,0.14,0.14,0.13,0.14,0.15,0.14,0.14,0.14
245,All Sky Surface Longwave Downward Irradiance (W/m^2),29.99,-95.42,317.18,337.87,352.18,370.73,393.64,415.06,419.72,423.12,408.0,373.24,345.85,335.39,374.48
246,All Sky Surface Shortwave Downward Irradiance (kW-hr/m^2/day),29.99,-95.42,3.08,3.3,4.53,5.23,5.91,6.26,6.27,5.76,5.05,4.54,3.33,2.65,4.67
247,All Sky Surface PAR Total (W/m^2),29.99,-95.42,56.76,62.5,86.09,100.21,115.01,123.93,124.43,114.23,98.82,86.74,62.58,49.19,90.18
248,All Sky Surface Albedo (dimensionless),30.06,-95.42,0.13,0.13,0.13,0.14,0.13,0.13,0.13,0.14,0.13,0.12,0.12,0.13,0.13
249,All Sky Surface Longwave Downward Irradiance (W/m^2),30.06,-95.42,306.66,327.45,343.8,362.74,389.74,411.21,417.45,420.11,402.72,365.09,334.49,324.53,367.34
250,All Sky Surface Shortwave Downward Irradiance (kW-hr/m^2/day),30.06,-95.42,3.04,3.25,4.5,5.31,5.78,6.37,6.44,5.98,5.18,4.41,3.26,2.55,4.68
251,All Sky Surface PAR Total (W/m^2),30.06,-95.42,55.75,61.18,85.35,101.71,112.77,125.72,127.52,118.19,100.85,83.95,60.96,47.18,90.23
252,All Sky Surface Albedo (dimensionless),29.5,-95.49,0.14,0.14,0.14,0.15,0.14,0.14,0.14,0.13,0.14,0.15,0.14,0.14,0.14
253,All Sky Surface Longwave Downward Irradiance (W/m^2),29.5,-95.49,317.18,337.87,352.18,370.73,393.64,415.06,419.72,423.12,408.0,373.24,345.85,335.39,374.48
254,All Sky Surface Shortwave Downward Irradiance (kW-hr/m^2/day),29.5,-95.49,3.08,3.3,4.53,5.23,5.91,6.26,6.27,5.76,5.05,4.54,3.33,2.65,4.67
255,All Sky Surface PAR Total (W/m^2),29.5,-95.49,56.76,62.5,86.09,100.21,115.01,123.93,124.43,114.23,98.82,86.74,62.58,49.19,90.18
256,All Sky Surface Albedo (dimensionless),29.57,-95.49,0.14,0.14,0.14,0.15,0.14,0.14,0.14,0.13,0.14,0.15,0.14,0.14,0.14
257,All Sky Surface Longwave Downward Irradiance (W/m^2),29.57,-95.49,317.18,337.87,352.18,370.73,393.64,415.06,419.72,423.12,408.0,373.24,345.85,335.39,374.48
258,All Sky Surface Shortwave Downward Irradiance (kW-hr/m^2/day),29.57,-95.49,3.08,3.3,4.53,5.23,5.91,6.26,6.27,5.76,5.05,4.54,3.33,2.65,4.67
259,All Sky Surface PAR Total (W/m^2),29.57,-95.49,56.76,62.5,86.09,100.21,115.01,123.93,124.43,114.23,98.82,86.74,62.58,49.19,90.18
260,All Sky Surface Albedo (dimensionless),29.64,-95.49,0.14,0.14,0.14,0.15,0.14,0.14,0.14,0.13,0.14,0.15,0.14,0.14,0.14
261,All Sky Surface Longwave Downward Irradiance (W/m^2),29.64,-95.49,317.18,337.87,352.18,370.73,393.64,415.06,419.72,423.12,408.0,373.24,345.85,335.39,374.48
262,All Sky Surface Shortwave Downward Irradiance (kW-hr/m^2/day),29.64,-95.49,3.08,3.3,4.53,5.23,5.91,6.26,6.27,5.76,5.05,4.54,3.33,2.65,4.67
263,All Sky Surface PAR Total (W/m^2),29.64,-95.49,56.76,62.5,86.09,100.21,115.01,123.93,124.43,114.23,98.82,86.74,62.58,49.19,90.18
264,All Sky Surface Albedo (dimensionless),29.71,-95.49,0.14,0.14,0.14,0.15,0.14,0.14,0.14,0.13,0.14,0.15,0.14,0.14,0.14
265,All Sky Surface Longwave Downward Irradiance (W/m^2),29.71,-95.49,317.18,337.87,352.18,370.73,393.64,415.06,419.72,423.12,408.0,373.24,345.85,335.39,374.48
266,All Sky Surface Shortwave Downward Irradiance (kW-hr/m^2/day),29.71,-95.49,3.08,3.3,4.53,5.23,5.91,6.26,6.27,5.76,5.05,4.54,3.33,2.65,4.67
267,All Sky Surface PAR Total (W/m^2),29.71,-95.49,56.76,62.5,86.09,100.21,115.01,123.93,124.43,114.23,98.82,86.74,62.58,49.19,90.18
268,All Sky Surface Albedo (dimensionless),29.78,-95.49,0.14,0.14,0.14,0.15,0.14,0.14,0.14,0.13,0.14,0.15,0.14,0.14,0.14
269,All Sky Surface Longwave Downward Irradiance (W/m^2),29.78,-95.49,317.18,337.87,352.18,370.73,393.64,415.06,419.72,423.12,408.0,373.24,345.85,335.39,374.48
270,All Sky Surface Shortwave Downward Irradiance (kW-hr/m^2/day),29.78,-95.49,3.08,3.3,4.53,5.23,5.91,6.26,6.27,5.76,5.05,4.54,3.33,2.65,4.67
271,All Sky Surface PAR Total (W/m^2),29.78,-95.49,56.76,62.5,86.09,100.21,115.01,123.93,124.43,114.23,98.82,86.74,62.58,49.19,90.18
272,All Sky Surface Albedo (dimensionless),29.85,-95.49,0.14,0.14,0.14,0.15,0.14,0.14,0.14,0.13,0.14,0.15,0.14,0.14,0.14
273,All Sky Surface Longwave Downward Irradiance (W/m^2),29.85,-95.49,317.18,337.87,352.18,370.73,393.64,415.06,419.72,423.12,408.0,373.24,345.85,335.39,374.48
274,All Sky Surface Shortwave Downward Irradiance (kW-hr/m^2/day),29.85,-95.49,3.08,3.3,4.53,5.23,5.91,6.26,6.27,5.76,5.05,4.54,3.33,2.65,4.67
275,All Sky Surface PAR Total (W/m^2),29.85,-95.49,56.76,62.5,86.09,100.21,115.01,123.93,124.43,114.23,98.82,86.74,62.58,49.19,90.18
276,All Sky Surface Albedo (dimensionless),29.92,-95.49,0.14,0.14,0.14,0.15,0.14,0.14,0.14,0.13,0.14,0.15,0.14,0.14,0.14
277,All Sky Surface Longwave Downward Irradiance (W/m^2),29.92,-95.49,317.18,337.87,352.18,370.73,393.64,415.06,419.72,423.12,408.0,373.24,345.85,335.39,374.48
278,All Sky Surface Shortwave Downward Irradiance (kW-hr/m^2/day),29.92,-95.49,3.08,3.3,4.53,5.23,5.91,6.26,6.27,5.76,5.05,4.54,3.33,2.65,4.67
279,All Sky Surface PAR Total (W/m^2),29.92,-95.49,56.76,62.5,86.09,100.21,115.01,123.93,124.43,114.23,98.82,86.74,62.58,49.19,90.18
280,All Sky Surface Albedo (dimensionless),29.99,-95.49,0.14,0.14,0.14,0.15,0.14,0.14,0.14,0.13,0.14,0.15,0.14,0.14,0.14
281,All Sky Surface Longwave Downward Irradiance (W/m^2),29.99,-95.49,317.18,337.87,352.18,370.73,393.64,415.06,419.72,423.12,408.0,373.24,345.85,335.39,374.48
282,All Sky Surface Shortwave Downward Irradiance (kW-hr/m^2/day),29.99,-95.49,3.08,3.3,4.53,5.23,5.91,6.26,6.27,5.76,5.05,4.54,3.33,2.65,4.67
283,All Sky Surface PAR Total (W/m^2),29.99,-95.49,56.76,62.5,86.09,100.21,115.01,123.93,124.43,114.23,98.82,86.74,62.58,49.19,90.18
284,All Sky Surface Albedo (dimensionless),30.06,-95.49,0.13,0.13,0.13,0.14,0.13,0.13,0.13,0.14,0.13,0.12,0.12,0.13,0.13
285,All Sky Surface Longwave Downward Irradiance (W/m^2),30.06,-95.49,306.66,327.45,343.8,362.74,389.74,411.21,417.45,420.11,402.72,365.09,334.49,324.53,367.34
286,All Sky Surface Shortwave Downward Irradiance (kW-hr/m^2/day),30.06,-95.49,3.04,3.25,4.5,5.31,5.78,6.37,6.44,5.98,5.18,4.41,3.26,2.55,4.68
287,All Sky Surface PAR Total (W/m^2),30.06,-95.49,55.75,61.18,85.35,101.71,112.77,125.72,127.52,118.19,100.85,83.95,60.96,47.18,90.23
288,All Sky Surface Albedo (dimensionless),29.5,-95.56,0.14,0.14,0.14,0.15,0.14,0.14,0.14,0.13,0.14,0.15,0.14,0.14,0.14
289,All Sky Surface Longwave Downward Irradiance (W/m^2),29.5,-95.56,317.18,337.87,352.18,370.73,393.64,415.06,419.72,423.12,408.0,373.24,345.85,335.39,374.48
290,All Sky Surface Shortwave Downward Irradiance (kW-hr/m^2/day),29.5,-95.56,3.08,3.3,4.53,5.23,5.91,6.26,6.27,5.76,5.05,4.54,3.33,2.65,4.67
291,All Sky Surface PAR Total (W/m^2),29.5,-95.56,56.76,62.5,86.09,100.21,115.01,123.93,124.43,114.23,98.82,86.74,62.58,49.19,90.18
292,All Sky Surface Albedo (dimensionless),29.57,-95.56,0.14,0.14,0.14,0.15,0.14,0.14,0.14,0.13,0.14,0.15,0.14,0.14,0.14
293,All Sky Surface Longwave Downward Irradiance (W/m^2),29.57,-95.56,317.18,337.87,352.18,370.73,393.64,415.06,419.72,423.12,408.0,373.24,345.85,335.39,374.48
294,All Sky Surface Shortwave Downward Irradiance (kW-hr/m^2/day),29.57,-95.56,3.08,3.3,4.53,5.23,5.91,6.26,6.27,5.76,5.05,4.54,3.33,2.65,4.67
295,All Sky Surface PAR Total (W/m^2),29.57,-95.56,56.76,62.5,86.09,100.21,115.01,123.93,124.43,114.23,98.82,86.74,62.58,49.19,90.18
296,All Sky Surface Albedo (dimensionless),29.64,-95.56,0.14,0.14,0.14,0.15,0.14,0.14,0.14,0.13,0.14,0.15,0.14,0.14,0.14
297,All Sky Surface Longwave Downward Irradiance (W/m^2),29.64,-95.56,317.18,337.87,352.18,370.73,393.64,415.06,419.72,423.12,408.0,373.24,345.85,335.39,374.48
298,All Sky Surface Shortwave Downward Irradiance (kW-hr/m^2/day),29.64,-95.56,3.08,3.3,4.53,5.23,5.91,6.26,6.27,5.76,5.05,4.54,3.33,2.65,4.67
299,All Sky Surface PAR Total (W/m^2),29.64,-95.56,56.76,62.5,86.09,100.21,115.01,123.93,124.43,114.23,98.82,86.74,62.58,49.19,90.18
300,All Sky Surface Albedo (dimensionless),29.71,-95.56,0.14,0.14,0.14,0.15,0.14,0.14,0.14,0.13,0.14,0.15,0.14,0.14,0.14
301,All Sky Surface Longwave Downward Irradiance (W/m^2),29.71,-95.56,317.18,337.87,352.18,370.73,393.64,415.06,419.72,423.12,408.0,373.24,345.85,335.39,374.48
302,All Sky Surface Shortwave Downward Irradiance (kW-hr/m^2/day),29.71,-95.56,3.08,3.3,4.53,5.23,5.91,6.26,6.27,5.76,5.05,4.54,3.33,2.65,4.67
303,All Sky Surface PAR Total (W/m^2),29.71,-95.56,56.76,62.5,86.09,100.21,115.01,123.93,124.43,114.23,98.82,86.74,62.58,49.19,90.18
304,All Sky Surface Albedo (dimensionless),29.78,-95.56,0.14,0.14,0.14,0.15,0.14,0.14,0.14,0.13,0.14,0.15,0.14,0.14,0.14
305,All Sky Surface Longwave Downward Irradiance (W/m^2),29.78,-95.56,317.18,337.87,352.18,370.73,393.64,415.06,419.72,423.12,408.0,373.24,345.85,335.39,374.48
306,All Sky Surface Shortwave Downward Irradiance (kW-hr/m^2/day),29.78,-95.56,3.08,3.3,4.53,5.23,5.91,6.26,6.27,5.76,5.05,4.54,3.33,2.65,4.67
307,All Sky Surface PAR Total (W/m^2),29.78,-95.56,56.76,62.5,86.09,100.21,115.01,123.93,124.43,114.23,98.82,86.74,62.58,49.19,90.18
308,All Sky Surface Albedo (dimensionless),29.85,-95.56,0.14,0.14,0.14,0.15,0.14,0.14,0.14,0.13,0.14,0.15,0.14,0.14,0.14
309,All Sky Surface Longwave Downward Irradiance (W/m^2),29.85,-95.56,317.18,337.87,352.18,370.73,393.64,415.06,419.72,423.12,408.0,373.24,345.85,335.39,374.48
310,All Sky Surface Shortwave Downward Irradiance (kW-hr/m^2/day),29.85,-95.56,3.08,3.3,4.53,5.23,5.91,6.26,6.27,5.76,5.05,4.54,3.33,2.65,4.67
311,All Sky Surface PAR Total (W/m^2),29.85,-95.56,56.76,62.5,86.09,100.21,115.01,123.93,124.43,114.23,98.82,86.74,62.58,49.19,90.18
312,All Sky Surface Albedo (dimensionless),29.92,-95.56,0.14,0.14,0.14,0.15,0.14,0.14,0.14,0.13,0.14,0.15,0.14,0.14,0.14
313,All Sky Surface Longwave Downward Irradiance (W/m^2),29.92,-95.56,317.18,337.87,352.18,370.73,393.64,415.06,419.72,423.12,408.0,373.24,345.85,335.39,374.48
314,All Sky Surface Shortwave Downward Irradiance (kW-hr/m^2/day),29.92,-95.56,3.08,3.3,4.53,5.23,5.91,6.26,6.27,5.76,5.05,4.54,3.33,2.65,4.67
315,All Sky Surface PAR Total (W/m^2),29.92,-95.56,56.76,62.5,86.09,100.21,115.01,123.93,124.43,114.23,98.82,86.74,62.58,49.19,90.18
316,All Sky Surface Albedo (dimensionless),29.99,-95.56,0.14,0.14,0.14,0.15,0.14,0.14,0.14,0.13,0.14,0.15,0.14,0.14,0.14
317,All Sky Surface Longwave Downward Irradiance (W/m^2),29.99,-95.56,317.18,337.87,352.18,370.73,393.64,415.06,419.72,423.12,408.0,373.24,345.85,335.39,374.48
318,All Sky Surface Shortwave Downward Irradiance (kW-hr/m^2/day),29.99,-95.56,3.08,3.3,4.53,5.23,5.91,6.26,6.27,5.76,5.05,4.54,3.33,2.65,4.67
319,All Sky Surface PAR Total (W/m^2),29.99,-95.56,56.76,62.5,86.09,100.21,115.01,123.93,124.43,114.23,98.82,86.74,62.58,49.19,90.18
320,All Sky Surface Albedo (dimensionless),30.06,-95.56,0.13,0.13,0.13,0.14,0.13,0.13,0.13,0.14,0.13,0.12,0.12,0.13,0.13
321,All Sky Surface Longwave Downward Irradiance (W/m^2),30.06,-95.56,306.66,327.45,343.8,362.74,389.74,411.21,417.45,420.11,402.72,365.09,334.49,324.53,367.34
322,All Sky Surface Shortwave Downward Irradiance (kW-hr/m^2/day),30.06,-95.56,3.04,3.25,4.5,5.31,5.78,6.37,6.44,5.98,5.18,4.41,3.26,2.55,4.68
323,All Sky Surface PAR Total (W/m^2),30.06,-95.56,55.75,61.18,85.35,101.71,112.77,125.72,127.52,118.19,100.85,83.95,60.96,47.18,90.23
324,All Sky Surface Albedo (dimensionless),29.5,-95.63,0.14,0.14,0.14,0.15,0.14,0.14,0.14,0.13,0.14,0.15,0.14,0.14,0.14
325,All Sky Surface Longwave Downward Irradiance (W/m^2),29.5,-95.63,317.18,337.87,352.18,370.73,393.64,415.06,419.72,423.12,408.0,373.24,345.85,335.39,374.48
326,All Sky Surface Shortwave Downward Irradiance (kW-hr/m^2/day),29.5,-95.63,3.08,3.3,4.53,5.23,5.91,6.26,6.27,5.76,5.05,4.54,3.33,2.65,4.67
327,All Sky Surface PAR Total (W/m^2),29.5,-95.63,56.76,62.5,86.09,100.21,115.01,123.93,124.43,114.23,98.82,86.74,62.58,49.19,90.18
328,All Sky Surface Albedo (dimensionless),29.57,-95.63,0.14,0.14,0.14,0.15,0.14,0.14,0.14,0.13,0.14,0.15,0.14,0.14,0.14
329,All Sky Surface Longwave Downward Irradiance (W/m^2),29.57,-95.63,317.18,337.87,352.18,370.73,393.64,415.06,419.72,423.12,408.0,373.24,345.85,335.39,374.48
330,All Sky Surface Shortwave Downward Irradiance (kW-hr/m^2/day),29.57,-95.63,3.08,3.3,4.53,5.23,5.91,6.26,6.27,5.76,5.05,4.54,3.33,2.65,4.67
331,All Sky Surface PAR Total (W/m^2),29.57,-95.63,56.76,62.5,86.09,100.21,115.01,123.93,124.43,114.23,98.82,86.74,62.58,49.19,90.18
332,All Sky Surface Albedo (dimensionless),29.64,-95.63,0.14,0.14,0.14,0.15,0.14,0.14,0.14,0.13,0.14,0.15,0.14,0.14,0.14
333,All Sky Surface Longwave Downward Irradiance (W/m^2),29.64,-95.63,317.18,337.87,352.18,370.73,393.64,415.06,419.72,423.12,408.0,373.24,345.85,335.39,374.48
334,All Sky Surface Shortwave Downward Irradiance (kW-hr/m^2/day),29.64,-95.63,3.08,3.3,4.53,5.23,5.91,6.26,6.27,5.76,5.05,4.54,3.33,2.65,4.67
335,All Sky Surface PAR Total (W/m^2),29.64,-95.63,56.76,62.5,86.09,100.21,115.01,123.93,124.43,114.23,98.82,86.74,62.58,49.19,90.18
336,All Sky Surface Albedo (dimensionless),29.71,-95.63,0.14,0.14,0.14,0.15,0.14,0.14,0.14,0.13,0.14,0.15,0.14,0.14,0.14
337,All Sky Surface Longwave Downward Irradiance (W/m^2),29.71,-95.63,317.18,337.87,352.18,370.73,393.64,415.06,419.72,423.12,408.0,373.24,345.85,335.39,374.48
338,All Sky Surface Shortwave Downward Irradiance (kW-hr/m^2/day),29.71,-95.63,3.08,3.3,4.53,5.23,5.91,6.26,6.27,5.76,5.05,4.54,3.33,2.65,4.67
339,All Sky Surface PAR Total (W/m^2),29.71,-95.63,56.76,62.5,86.09,100.21,115.01,123.93,124.43,114.23,98.82,86.74,62.58,49.19,90.18
340,All Sky Surface Albedo (dimensionless),29.78,-95.63,0.14,0.14,0.14,0.15,0.14,0.14,0.14,0.13,0.14,0.15,0.14,0.14,0.14
341,All Sky Surface Longwave Downward Irradiance (W/m^2),29.78,-95.63,317.18,337.87,352.18,370.73,393.64,415.06,419.72,423.12,408.0,373.24,345.85,335.39,374.48
342,All Sky Surface Shortwave Downward Irradiance (kW-hr/m^2/day),29.78,-95.63,3.08,3.3,4.53,5.23,5.91,6.26,6.27,5.76,5.05,4.54,3.33,2.65,4.67
343,All Sky Surface PAR Total (W/m^2),29.78,-95.63,56.76,62.5,86.09,100.21,115.01,123.93,124.43,114.23,98.82,86.74,62.58,49.19,90.18
344,All Sky Surface Albedo (dimensionless),29.85,-95.63,0.14,0.14,0.14,0.15,0.14,0.14,0.14,0.13,0.14,0.15,0.14,0.14,0.14
345,All Sky Surface Longwave Downward Irradiance (W/m^2),29.85,-95.63,317.18,337.87,352.18,370.73,393.64,415.06,419.72,423.12,408.0,373.24,345.85,335.39,374.48
346,All Sky Surface Shortwave Downward Irradiance (kW-hr/m^2/day),29.85,-95.63,3.08,3.3,4.53,5.23,5.91,6.26,6.27,5.76,5.05,4.54,3.33,2.65,4.67
347,All Sky Surface PAR Total (W/m^2),29.85,-95.63,56.76,62.5,86.09,100.21,115.01,123.93,124.43,114.23,98.82,86.74,62.58,49.19,90.18
348,All Sky Surface Albedo (dimensionless),29.92,-95.63,0.14,0.14,0.14,0.15,0.14,0.14,0.14,0.13,0.14,0.15,0.14,0.14,0.14
349,All Sky Surface Longwave Downward Irradiance (W/m^2),29.92,-95.63,317.18,337.87,352.18,370.73,393.64,415.06,419.72,423.12,408.0,373.24,345.85,335.39,374.48
350,All Sky Surface Shortwave Downward Irradiance (kW-hr/m^2/day),29.92,-95.63,3.08,3.3,4.53,5.23,5.91,6.26,6.27,5.76,5.05,4.54,3.33,2.65,4.67
351,All Sky Surface PAR Total (W/m^2),29.92,-95.63,56.76,62.5,86.09,100.21,115.01,123.93,124.43,114.23,98.82,86.74,62.58,49.19,90.18
352,All Sky Surface Albedo (dimensionless),29.99,-95.63,0.14,0.14,0.14,0.15,0.14,0.14,0.14,0.13,0.14,0.15,0.14,0.14,0.14
353,All Sky Surface Longwave Downward Irradiance (W/m^2),29.99,-95.63,317.18,337.87,352.18,370.73,393.64,415.06,419.72,423.12,408.0,373.24,345.85,335.39,374.48
354,All Sky Surface Shortwave Downward Irradiance (kW-hr/m^2/day),29.99,-95.63,3.08,3.3,4.53,5.23,5.91,6.26,6.27,5.76,5.05,4.54,3.33,2.65,4.67
355,All Sky Surface PAR Total (W/m^2),29.99,-95.63,56.76,62.5,86.09,100.21,115.01,123.93,124.43,114.23,98.82,86.74,62.58,49.19,90.18
356,All Sky Surface Albedo (dimensionless),30.06,-95.63,0.13,0.13,0.13,0.14,0.13,0.13,0.13,0.14,0.13,0.12,0.12,0.13,0.13
357,All Sky Surface Longwave Downward Irradiance (W/m^2),30.06,-95.63,306.66,327.45,343.8,362.74,389.74,411.21,417.45,420.11,402.72,365.09,334.49,324.53,367.34
358,All Sky Surface Shortwave Downward Irradiance (kW-hr/m^2/day),30.06,-95.63,3.04,3.25,4.5,5.31,5.78,6.37,6.44,5.98,5.18,4.41,3.26,2.55,4.68
359,All Sky Surface PAR Total (W/m^2),30.06,-95.63,55.75,61.18,85.35,101.71,112.77,125.72,127.52,118.19,100.85,83.95,60.96,47.18,90.23
360,All Sky Surface Albedo (dimensionless),29.5,-95.7,0.14,0.14,0.14,0.15,0.14,0.14,0.14,0.13,0.14,0.15,0.14,0.14,0.14
361,All Sky Surface Longwave Downward Irradiance (W/m^2),29.5,-95.7,317.18,337.87,352.18,370.73,393.64,415.06,419.72,423.12,408.0,373.24,345.85,335.39,374.48
362,All Sky Surface Shortwave Downward Irradiance (kW-hr/m^2/day),29.5,-95.7,3.08,3.3,4.53,5.23,5.91,6.26,6.27,5.76,5.05,4.54,3.33,2.65,4.67
363,All Sky Surface PAR Total (W/m^2),29.5,-95.7,56.76,62.5,86.09,100.21,115.01,123.93,124.43,114.23,98.82,86.74,62.58,49.19,90.18
364,All Sky Surface Albedo (dimensionless),29.57,-95.7,0.14,0.14,0.14,0.15,0.14,0.14,0.14,0.13,0.14,0.15,0.14,0.14,0.14
365,All Sky Surface Longwave Downward Irradiance (W/m^2),29.57,-95.7,317.18,337.87,352.18,370.73,393.64,415.06,419.72,423.12,408.0,373.24,345.85,335.39,374.48
366,All Sky Surface Shortwave Downward Irradiance (kW-hr/m^2/day),29.57,-95.7,3.08,3.3,4.53,5.23,5.91,6.26,6.27,5.76,5.05,4.54,3.33,2.65,4.67
367,All Sky Surface PAR Total (W/m^2),29.57,-95.7,56.76,62.5,86.09,100.21,115.01,123.93,124.43,114.23,98.82,86.74,62.58,49.19,90.18
368,All Sky Surface Albedo (dimensionless),29.64,-95.7,0.14,0.14,0.14,0.15,0.14,0.14,0.14,0.13,0.14,0.15,0.14,0.14,0.14
369,All Sky Surface Longwave Downward Irradiance (W/m^2),29.64,-95.7,317.18,337.87,352.18,370.73,393.64,415.06,419.72,423.12,408.0,373.24,345.85,335.39,374.48
370,All Sky Surface Shortwave Downward Irradiance (kW-hr/m^2/day),29.64,-95.7,3.08,3.3,4.53,5.23,5.91,6.26,6.27,5.76,5.05,4.54,3.33,2.65,4.67
371,All Sky Surface PAR Total (W/m^2),29.64,-95.7,56.76,62.5,86.09,100.21,115.01,123.93,124.43,114.23,98.82,86.74,62.58,49.19,90.18
372,All Sky Surface Albedo (dimensionless),29.71,-95.7,0.14,0.14,0.14,0.15,0.14,0.14,0.14,0.13,0.14,0.15,0.14,0.14,0.14
373,All Sky Surface Longwave Downward Irradiance (W/m^2),29.71,-95.7,317.18,337.87,352.18,370.73,393.64,415.06,419.72,423.12,408.0,373.24,345.85,335.39,374.48
374,All Sky Surface Shortwave Downward Irradiance (kW-hr/m^2/day),29.71,-95.7,3.08,3.3,4.53,5.23,5.91,6.26,6.27,5.76,5.05,4.54,3.33,2.65,4.67
375,All Sky Surface PAR Total (W/m^2),29.71,-95.7,56.76,62.5,86.09,100.21,115.01,123.93,124.43,114.23,98.82,86.74,62.58,49.19,90.18
376,All Sky Surface Albedo (dimensionless),29.78,-95.7,0.14,0.14,0.14,0.15,0.14,0.14,0.14,0.13,0.14,0.15,0.14,0.14,0.14
377,All Sky Surface Longwave Downward Irradiance (W/m^2),29.78,-95.7,317.18,337.87,352.18,370.73,393.64,415.06,419.72,423.12,408.0,373.24,345.85,335.39,374.48
378,All Sky Surface Shortwave Downward Irradiance (kW-hr/m^2/day),29.78,-95.7,3.08,3.3,4.53,5.23,5.91,6.26,6.27,5.76,5.05,4.54,3.33,2.65,4.67
379,All Sky Surface PAR Total (W/m^2),29.78,-95.7,56.76,62.5,86.09,100.21,115.01,123.93,124.43,114.23,98.82,86.74,62.58,49.19,90.18
380,All Sky Surface Albedo (dimensionless),29.85,-95.7,0.14,0.14,0.14,0.15,0.14,0.14,0.14,0.13,0.14,0.15,0.14,0.14,0.14
381,All Sky Surface Longwave Downward Irradiance (W/m^2),29.85,-95.7,317.18,337.87,352.18,370.73,393.64,415.06,419.72,423.12,408.0,373.24,345.85,335.39,374.48
382,All Sky Surface Shortwave Downward Irradiance (kW-hr/m^2/day),29.85,-95.7,3.08,3.3,4.53,5.23,5.91,6.26,6.27,5.76,5.05,4.54,3.33,2.65,4.67
383,All Sky Surface PAR Total (W/m^2),29.85,-95.7,56.76,62.5,86.09,100.21,115.01,123.93,124.43,114.23,98.82,86.74,62.58,49.19,90.18
384,All Sky Surface Albedo (dimensionless),29.92,-95.7,0.14,0.14,0.14,0.15,0.14,0.14,0.14,0.13,0.14,0.15,0.14,0.14,0.14
385,All Sky Surface Longwave Downward Irradiance (W/m^2),29.92,-95.7,317.18,337.87,352.18,370.73,393.64,415.06,419.72,423.12,408.0,373.24,345.85,335.39,374.48
386,All Sky Surface Shortwave Downward Irradiance (kW-hr/m^2/day),29.92,-95.7,3.08,3.3,4.53,5.23,5.91,6.26,6.27,5.76,5.05,4.54,3.33,2.65,4.67
387,All Sky Surface PAR Total (W/m^2),29.92,-95.7,56.76,62.5,86.09,100.21,115.01,123.93,124.43,114.23,98.82,86.74,62.58,49.19,90.18
388,All Sky Surface Albedo (dimensionless),29.99,-95.7,0.14,0.14,0.14,0.15,0.14,0.14,0.14,0.13,0.14,0.15,0.14,0.14,0.14
389,All Sky Surface Longwave Downward Irradiance (W/m^2),29.99,-95.7,317.18,337.87,352.18,370.73,393.64,415.06,419.72,423.12,408.0,373.24,345.85,335.39,374.48
390,All Sky Surface Shortwave Downward Irradiance (kW-hr/m^2/day),29.99,-95.7,3.08,3.3,4.53,5.23,5.91,6.26,6.27,5.76,5.05,4.54,3.33,2.65,4.67
391,All Sky Surface PAR Total (W/m^2),29.99,-95.7,56.76,62.5,86.09,100.21,115.01,123.93,124.43,114.23,98.82,86.74,62.58,49.19,90.18
392,All Sky Surface Albedo (dimensionless),30.06,-95.7,0.13,0.13,0.13,0.14,0.13,0.13,0.13,0.14,0.13,0.12,0.12,0.13,0.13
393,All Sky Surface Longwave Downward Irradiance (W/m^2),30.06,-95.7,306.66,327.45,343.8,362.74,389.74,411.21,417.45,420.11,402.72,365.09,334.49,324.53,367.34
394,All Sky Surface Shortwave Downward Irradiance (kW-hr/m^2/day),30.06,-95.7,3.04,3.25,4.5,5.31,5.78,6.37,6.44,5.98,5.18,4.41,3.26,2.55,4.68
395,All Sky Surface PAR Total (W/m^2),30.06,-95.7,55.75,61.18,85.35,101.71,112.77,125.72,127.52,118.19,100.85,83.95,60.96,47.18,90.23
396,All Sky Surface Albedo (dimensionless),29.5,-95.77,0.14,0.14,0.14,0.15,0.14,0.14,0.14,0.13,0.14,0.15,0.14,0.14,0.14
397,All Sky Surface Longwave Downward Irradiance (W/m^2),29.5,-95.77,317.18,337.87,352.18,370.73,393.64,415.06,419.72,423.12,408.0,373.24,345.85,335.39,374.48
398,All Sky Surface Shortwave Downward Irradiance (kW-hr/m^2/day),29.5,-95.77,3.08,3.3,4.53,5.23,5.91,6.26,6.27,5.76,5.05,4.54,3.33,2.65,4.67
399,All Sky Surface PAR Total (W/m^2),29.5,-95.77,56.76,62.5,86.09,100.21,115.01,123.93,124.43,114.23,98.82,86.74,62.58,49.19,90.18
400,All Sky Surface Albedo (dimensionless),29.57,-95.77,0.14,0.14,0.14,0.15,0.14,0.14,0.14,0.13,0.14,0.15,0.14,0.14,0.14
401,All Sky Surface Longwave Downward Irradiance (W/m^2),29.57,-95.77,317.18,337.87,352.18,370.73,393.64,415.06,419.72,423.12,408.0,373.24,345.85,335.39,374.48
402,All Sky Surface Shortwave Downward Irradiance (kW-hr/m^2/day),29.57,-95.77,3.08,3.3,4.53,5.23,5.91,6.26,6.27,5.76,5.05,4.54,3.33,2.65,4.67
403,All Sky Surface PAR Total (W/m^2),29.57,-95.77,56.76,62.5,86.09,100.21,115.01,123.93,124.43,114.23,98.82,86.74,62.58,49.19,90.18
404,All Sky Surface Albedo (dimensionless),29.64,-95.77,0.14,0.14,0.14,0.15,0.14,0.14,0.14,0.13,0.14,0.15,0.14,0.14,0.14
405,All Sky Surface Longwave Downward Irradiance (W/m^2),29.64,-95.77,317.18,337.87,352.18,370.73,393.64,415.06,419.72,423.12,408.0,373.24,345.85,335.39,374.48
406,All Sky Surface Shortwave Downward Irradiance (kW-hr/m^2/day),29.64,-95.77,3.08,3.3,4.53,5.23,5.91,6.26,6.27,5.76,5.05,4.54,3.33,2.65,4.67
407,All Sky Surface PAR Total (W/m^2),29.64,-95.77,56.76,62.5,86.09,100.21,115.01,123.93,124.43,114.23,98.82,86.74,62.58,49.19,90.18
408,All Sky Surface Albedo (dimensionless),29.71,-95.77,0.14,0.14,0.14,0.15,0.14,0.14,0.14,0.13,0.14,0.15,0.14,0.14,0.14
409,All Sky Surface Longwave Downward Irradiance (W/m^2),29.71,-95.77,317.18,337.87,352.18,370.73,393.64,415.06,419.72,423.12,408.0,373.24,345.85,335.39,374.48
410,All Sky Surface Shortwave Downward Irradiance (kW-hr/m^2/day),29.71,-95.77,3.08,3.3,4.53,5.23,5.91,6.26,6.27,5.76,5.05,4.54,3.33,2.65,4.67
411,All Sky Surface PAR Total (W/m^2),29.71,-95.77,56.76,62.5,86.09,100.21,115.01,123.93,124.43,114.23,98.82,86.74,62.58,49.19,90.18
412,All Sky Surface Albedo (dimensionless),29.78,-95.77,0.14,0.14,0.14,0.15,0.14,0.14,0.14,0.13,0.14,0.15,0.14,0.14,0.14
413,All Sky Surface Longwave Downward Irradiance (W/m^2),29.78,-95.77,317.18,337.87,352.18,370.73,393.64,415.06,419.72,423.12,408.0,373.24,345.85,335.39,374.48
414,All Sky Surface Shortwave Downward Irradiance (kW-hr/m^2/day),29.78,-95.77,3.08,3.3,4.53,5.23,5.91,6.26,6.27,5.76,5.05,4.54,3.33,2.65,4.67
415,All Sky Surface PAR Total (W/m^2),29.78,-95.77,56.76,62.5,86.09,100.21,115.01,123.93,124.43,114.23,98.82,86.74,62.58,49.19,90.18
416,All Sky Surface Albedo (dimensionless),29.85,-95.77,0.14,0.14,0.14,0.15,0.14,0.14,0.14,0.13,0.14,0.15,0.14,0.14,0.14
417,All Sky Surface Longwave Downward Irradiance (W/m^2),29.85,-95.77,317.18,337.87,352.18,370.73,393.64,415.06,419.72,423.12,408.0,373.24,345.85,335.39,374.48
418,All Sky Surface Shortwave Downward Irradiance (kW-hr/m^2/day),29.85,-95.77,3.08,3.3,4.53,5.23,5.91,6.26,6.27,5.76,5.05,4.54,3.33,2.65,4.67
419,All Sky Surface PAR Total (W/m^2),29.85,-95.77,56.76,62.5,86.09,100.21,115.01,123.93,124.43,114.23,98.82,86.74,62.58,49.19,90.18
420,All Sky Surface Albedo (dimensionless),29.92,-95.77,0.14,0.14,0.14,0.15,0.14,0.14,0.14,0.13,0.14,0.15,0.14,0.14,0.14
421,All Sky Surface Longwave Downward Irradiance (W/m^2),29.92,-95.77,317.18,337.87,352.18,370.73,393.64,415.06,419.72,423.12,408.0,373.24,345.85,335.39,374.48
422,All Sky Surface Shortwave Downward Irradiance (kW-hr/m^2/day),29.92,-95.77,3.08,3.3,4.53,5.23,5.91,6.26,6.27,5.76,5.05,4.54,3.33,2.65,4.67
423,All Sky Surface PAR Total (W/m^2),29.92,-95.77,56.76,62.5,86.09,100.21,115.01,123.93,124.43,114.23,98.82,86.74,62.58,49.19,90.18
424,All Sky Surface Albedo (dimensionless),29.99,-95.77,0.14,0.14,0.14,0.15,0.14,0.14,0.14,0.13,0.14,0.15,0.14,0.14,0.14
425,All Sky Surface Longwave Downward Irradiance (W/m^2),29.99,-95.77,317.18,337.87,352.18,370.73,393.64,415.06,419.72,423.12,408.0,373.24,345.85,335.39,374.48
426,All Sky Surface Shortwave Downward Irradiance (kW-hr/m^2/day),29.99,-95.77,3.08,3.3,4.53,5.23,5.91,6.26,6.27,5.76,5.05,4.54,3.33,2.65,4.67
427,All Sky Surface PAR Total (W/m^2),29.99,-95.77,56.76,62.5,86.09,100.21,115.01,123.93,124.43,114.23,98.82,86.74,62.58,49.19,90.18
428,All Sky Surface Albedo (dimensionless),30.06,-95.77,0.13,0.13,0.13,0.14,0.13,0.13,0.13,0.14,0.13,0.12,0.12,0.13,0.13
429,All Sky Surface Longwave Downward Irradiance (W/m^2),30.06,-95.77,306.66,327.45,343.8,362.74,389.74,411.21,417.45,420.11,402.72,365.09,334.49,324.53,367.34
430,All Sky Surface Shortwave Downward Irradiance (kW-hr/m^2/day),30.06,-95.77,3.04,3.25,4.5,5.31,5.78,6.37,6.44,5.98,5.18,4.41,3.26,2.55,4.68
431,All Sky Surface PAR Total (W/m^2),30.06,-95.77,55.75,61.18,85.35,101.71,112.77,125.72,127.52,118.19,100.85,83.95,60.96,47.18,90.23
